{
    "ITI GALILEO FERRARIS": {
        "ambienti primo piano": {
            "tipo": "laboratorio",
            "capienza": "max 30 alunni",
            "attrezzature": [
                "computer",
                "lavagna digitale",
                "luci al soffitto"
            ]
        },
        "ambienti secondo piano": {
            "tipo": "aule",
            "capienza": "max 30 alunni",
            "attrezzature": [
                "banchi",
                "cattedra",
                "sedie",
                "lavagna digitale"
            ]
        },
        "ambienti in centrale": {
            "tipo1": "palestra",
            "capienza1": "max 100 alunni",
            "attrezzature1": [
                "canestri",
                "reti da pallavolo",
                "palloni",
                "tavoli tennis tavolo"
            ],
            "tipo2": "biblioteca",
            "capienza2": "max 30 alunni",
            "attrezzature2": [
                "scaffali",
                "sedie con le rotelle",
                "libri"
            ]
        }
    }
}
